Country_Region,Confirmed,Deaths
Afghanistan,174214,7619
Albania,272030,3478
Algeria,265186,6852
Andorra,38434,151
Angola,98796,1900
Antarctica,11,0
Antigua and Barbuda,7449,135
Argentina,8929898,126624
Armenia,421008,8516
Australia,53607,34
Australia,1361680,1936
Australia,42967,28
Australia,585499,589
Australia,158707,188
Australia,49708,26
Australia,1073518,2590
Australia,18973,11
Austria,2808008,14960
Azerbaijan,788525,9488
Bahamas,33169,771
Bahrain,523654,1458
Bangladesh,1946369,29064
Barbados,55863,316
Belarus,927464,6535
Belgium,541764,0
Belgium,413987,0
Belgium,459941,0
Belgium,331063,0
Belgium,418416,0
Belgium,347471,0
Belgium,254811,0
Belgium,94577,0
Belgium,162344,0
Belgium,52992,30259
Belgium,136179,0
Belgium,372747,0
Belize,56876,651
Benin,26575,163
Bhutan,14120,6
Bolivia,894200,21453
Bosnia and Herzegovina,372139,15519
Botswana,263950,2619
Brazil,122060,1979
Brazil,292568,6726
Brazil,160128,2109
Brazil,574304,14124
Brazil,1507386,29336
Brazil,1229820,26385
Brazil,685097,11461
Brazil,1025714,14166
Brazil,1178585,25807
Brazil,414524,10824
Brazil,710157,14754
Brazil,505198,10377
Brazil,3221769,59789
Brazil,722841,17868
Brazil,578882,10121
Brazil,2350005,42443
Brazil,844454,21128
Brazil,365598,7675
Brazil,479598,8062
Brazil,2177227,38441
Brazil,2006761,71875
Brazil,378013,7089
Brazil,153932,2134
Brazil,1627869,21439
Brazil,5045451,165033
Brazil,321030,6265
Brazil,299081,4112
Brunei,80749,135
Bulgaria,1099423,35790
Burkina Faso,20751,375
Burma,595821,19383
Burundi,38150,38
Cabo Verde,55890,401
Cambodia,131738,3038
Cameroon,119322,1926
Canada,527604,3954
Canada,349944,2903
Canada,0,1
Canada,13,0
Canada,131526,1690
Canada,38937,309
Canada,25728,66
Canada,9122,19
Canada,46795,208
Canada,3055,5
Canada,1123556,12573
Canada,16296,16
Canada,926918,14056
Canada,13,0
Canada,128289,1135
Canada,3485,22
Central African Republic,14320,113
Chad,7257,190
Chile,115188,1415
Chile,189666,1753
Chile,52914,641
Chile,58562,428
Chile,21896,130
Chile,300380,3208
Chile,109613,1264
Chile,173571,1721
Chile,94269,853
Chile,47020,572
Chile,201348,2063
Chile,1225676,21206
Chile,84531,781
Chile,128941,1775
Chile,77116,949
Chile,43,0
Chile,266700,4050
China,1013,6
China,1513,9
China,623,6
China,1584,1
China,370,2
China,5158,8
China,1174,2
China,162,2
China,193,6
China,1488,7
China,2093,13
China,2680,22
China,403080,1554
China,68378,4512
China,1235,4
China,1638,1
China,1782,0
China,959,1
China,649,3
China,1031,2
China,82,0
China,122,0
China,30,0
China,2826,3
China,1158,7
China,4502,7
China,287,0
China,1499,3
China,1150,3
China,1,0
China,0,0
China,996,3
China,1968,2
China,2277,1
Colombia,7546,264
Colombia,916764,18180
Colombia,16078,520
Colombia,401655,10107
Colombia,196720,3235
Colombia,124548,2766
Colombia,116749,2517
Colombia,1759444,29168
Colombia,24829,1011
Colombia,41486,989
Colombia,72031,1782
Colombia,106150,2662
Colombia,18564,426
Colombia,118821,3924
Colombia,316910,7228
Colombia,2753,37
Colombia,5580,105
Colombia,100069,3482
Colombia,56127,1514
Colombia,114615,3616
Colombia,104681,2519
Colombia,104298,3295
Colombia,119218,5049
Colombia,20440,767
Colombia,70705,2047
Colombia,106143,2463
Colombia,10145,154
Colombia,282201,8126
Colombia,65578,1711
Colombia,124084,3980
Colombia,0,300
Colombia,539223,14960
Colombia,1882,19
Colombia,3388,61
Comoros,8047,160
Congo (Brazzaville),24020,378
Congo (Kinshasa),86154,1335
Costa Rica,814583,8082
Cote d'Ivoire,81534,795
Croatia,1061429,15172
Cuba,1071964,8498
Cyprus,329674,873
Czechia,3616640,38837
Denmark,34658,28
Denmark,11806,20
Denmark,2837501,4772
Diamond Princess,712,13
Djibouti,15550,189
Dominica,11248,61
Dominican Republic,575592,4370
Ecuador,836216,35264
Egypt,488763,24162
El Salvador,156364,4083
Equatorial Guinea,15885,183
Eritrea,9708,103
Estonia,511022,2275
Eswatini,69290,1391
Ethiopia,468895,7476
Fiji,64019,834
Finland,671773,2387
France,77765,392
France,68425,642
France,124528,918
France,116168,895
France,36703,187
France,56833,302
France,302162,666
France,3780,6
France,1102,1
France,9912,63
France,454,7
France,22340070,136065
Gabon,47543,303
Gambia,11948,365
Georgia,1620639,16306
Germany,2227857,14409
Germany,2936074,21572
Germany,767892,4276
Germany,546402,5218
Germany,118678,687
Germany,357855,2313
Germany,1111774,9267
Germany,261751,1795
Germany,1134153,7582
Germany,3222493,22528
Germany,619374,5047
Germany,169340,1414
Germany,982258,14376
Germany,440003,4794
Germany,344003,2141
Germany,434312,6636
Germany,39734,0
Ghana,160028,1442
Greece,2486262,26092
Grenada,13690,216
Guatemala,789354,17045
Guinea,36397,440
Guinea-Bissau,8027,167
Guyana,63024,1223
Haiti,30382,820
Holy See,29,0
Honduras,413699,10785
Hungary,1800046,44286
Iceland,140929,68
India,10020,129
India,2318262,14729
India,64461,296
India,724157,6639
India,830227,12255
India,91785,1165
India,1151343,14030
India,11440,4
India,1861189,26134
India,245099,3826
India,1223130,10934
India,982682,10571
India,283605,4122
India,453167,4749
India,434516,5315
India,3942068,39985
India,6508845,66012
India,28095,228
India,11400,52
India,1039745,10732
India,7867916,143727
India,136872,2113
India,93557,1582
India,217038,661
India,35417,757
India,1285615,9091
India,165739,1962
India,758352,17719
India,1280876,9540
India,39081,443
India,3450594,38011
India,789553,4111
India,100868,919
India,0,0
India,2068765,23471
India,436328,7686
India,2015670,21178
Indonesia,5693702,149596
Iran,7080217,137593
Iraq,2307158,25034
Ireland,1315100,6531
Israel,3662064,10264
Italy,268050,2986
Italy,85239,771
Italy,222996,2117
Italy,1221128,9813
Italy,1194546,15981
Italy,310569,4802
Italy,1090008,10488
Italy,349181,5127
Italy,2351731,38726
Italy,332731,3607
Italy,40096,571
Italy,190005,1413
Italy,140221,1522
Italy,985557,13075
Italy,749431,7710
Italy,180834,2076
Italy,804760,9580
Italy,866985,9097
Italy,188044,1746
Italy,31572,522
Italy,1345175,13879
Jamaica,128142,2825
Japan,339609,1720
Japan,10547,35
Japan,23248,68
Japan,283498,1392
Japan,18052,118
Japan,13985,39
Japan,244840,985
Japan,25513,188
Japan,55045,283
Japan,54438,255
Japan,77132,405
Japan,180391,1799
Japan,274982,1874
Japan,78727,303
Japan,26537,172
Japan,11954,61
Japan,20261,80
Japan,32917,130
Japan,477515,1775
Japan,12806,82
Japan,51176,242
Japan,130021,466
Japan,43401,248
Japan,43131,148
Japan,19515,96
Japan,32481,151
Japan,27560,108
Japan,59028,282
Japan,30968,73
Japan,25142,105
Japan,51093,205
Japan,103340,429
Japan,679792,4048
Japan,4463,4
Japan,24614,65
Japan,331610,1213
Japan,52543,146
Japan,6788,8
Japan,94498,346
Japan,48155,206
Japan,12042,75
Japan,1041302,3767
Japan,7206,9
Japan,19764,67
Japan,8,0
Japan,23562,104
Japan,12432,69
Japan,22204,136
Japan,17819,52
Jordan,1638228,13849
Kazakhstan,1391813,18967
Kenya,323057,5640
Kiribati,2974,11
"Korea, South",4212652,8796
Kosovo,226513,3117
Kuwait,621965,2543
Kyrgyzstan,200599,2962
Laos,143710,628
Latvia,689794,5323
Lebanon,1075974,10134
Lesotho,32707,697
Liberia,7384,294
Libya,497279,6288
Liechtenstein,12681,78
Lithuania,923810,8481
Luxembourg,186360,996
MS Zaandam,9,2
Madagascar,63659,1366
Malawi,85396,2617
Malaysia,327914,4137
Malaysia,244050,2310
Malaysia,221323,1321
Malaysia,100255,1013
Malaysia,152912,1370
Malaysia,136293,858
Malaysia,156538,1546
Malaysia,13147,147
Malaysia,220204,1827
Malaysia,348796,3021
Malaysia,264956,1631
Malaysia,979047,10230
Malaysia,101043,786
Malaysia,0,0
Malaysia,262690,2732
Malaysia,17990,152
Malaysia,14608,25
Maldives,171947,297
Mali,30396,724
Malta,71679,607
Marshall Islands,7,0
Mauritania,58645,980
Mauritius,70862,786
Mexico,60844,3461
Mexico,129625,12096
Mexico,100927,2613
Mexico,33341,2223
Mexico,33656,2385
Mexico,123999,9809
Mexico,1359021,42220
Mexico,143519,8703
Mexico,54137,2173
Mexico,67628,3502
Mexico,275709,14699
Mexico,97314,6673
Mexico,88812,8308
Mexico,231996,19189
Mexico,525233,46608
Mexico,92838,8706
Mexico,66117,5164
Mexico,57607,3134
Mexico,307968,14828
Mexico,117189,6029
Mexico,166301,16253
Mexico,139871,6116
Mexico,91021,4324
Mexico,179743,7405
Mexico,119473,9548
Mexico,161956,9951
Mexico,189191,6006
Mexico,140835,7893
Mexico,42900,3053
Mexico,0,0
Mexico,170359,15940
Mexico,108333,6456
Mexico,67181,3828
Micronesia,1,0
Moldova,504307,11269
Monaco,9445,51
Mongolia,911183,2173
Montenegro,230759,2684
Morocco,1161506,16009
Mozambique,225121,2195
Namibia,157311,4013
Nepal,977380,11945
Netherlands,33732,212
Netherlands,7616,31
Netherlands,39133,264
Netherlands,151070,436
Netherlands,154205,323
Netherlands,222739,597
Netherlands,778590,2695
Netherlands,189046,340
Netherlands,414969,2108
Netherlands,1000481,3608
Netherlands,1105329,3254
Netherlands,449865,1378
Netherlands,9573,85
Netherlands,84139,21
Netherlands,545563,1507
Netherlands,135895,370
Netherlands,1425426,4983
New Zealand,2,0
New Zealand,207562,63
Nicaragua,18105,225
Niger,8760,307
Nigeria,254637,3142
North Macedonia,299049,9065
Norway,1299549,1664
Oman,383874,4248
Pakistan,43094,788
Pakistan,35363,376
Pakistan,11559,191
Pakistan,134583,1016
Pakistan,216812,6286
Pakistan,502455,13518
Pakistan,569637,8083
Palau,3844,6
Panama,757061,8106
Papua New Guinea,41421,638
Paraguay,643342,18454
Peru,43598,1332
Peru,124283,7046
Peru,38472,1607
Peru,210750,10166
Peru,47860,2300
Peru,95346,4405
Peru,145812,10437
Peru,116075,5094
Peru,25429,1253
Peru,51696,2851
Peru,102912,8871
Peru,124954,7384
Peru,145559,10849
Peru,104765,9186
Peru,1594692,92474
Peru,57696,4365
Peru,17645,835
Peru,48089,1604
Peru,23744,1086
Peru,156821,12974
Peru,65013,4668
Peru,61623,3126
Peru,53526,2109
Peru,26808,1678
Peru,39316,3207
Peru,0,0
Philippines,3665747,56770
Poland,5721316,112336
Portugal,3308438,21162
Qatar,357920,670
Romania,2760332,63849
Russia,44797,902
Russia,242772,8040
Russia,32120,587
Russia,93691,714
Russia,215746,1586
Russia,110966,2848
Russia,235486,5284
Russia,118563,2049
Russia,147451,3524
Russia,125753,2874
Russia,42330,1071
Russia,288816,7023
Russia,5111,41
Russia,74000,4439
Russia,89829,3543
Russia,39373,541
Russia,251882,7905
Russia,100233,2878
Russia,15579,483
Russia,58471,1777
Russia,150197,1637
Russia,47495,816
Russia,96466,1364
Russia,36974,588
Russia,43484,971
Russia,126471,1406
Russia,146808,2140
Russia,178672,1445
Russia,84245,2252
Russia,196140,2399
Russia,140821,895
Russia,160235,2929
Russia,81469,1236
Russia,231370,10453
Russia,345905,10074
Russia,90511,1214
Russia,106860,2300
Russia,172477,3345
Russia,130407,3314
Russia,18824,378
Russia,43252,1047
Russia,60850,1279
Russia,2706980,41602
Russia,944700,14290
Russia,127486,3122
Russia,6799,93
Russia,373658,11152
Russia,39216,1212
Russia,93915,945
Russia,230281,5046
Russia,193627,3905
Russia,100610,1760
Russia,193058,3747
Russia,160023,5292
Russia,329484,8405
Russia,156233,1827
Russia,99179,1596
Russia,331640,10400
Russia,104513,3070
Russia,1452714,32168
Russia,161184,2013
Russia,60715,759
Russia,341799,7165
Russia,212348,5673
Russia,120032,2791
Russia,185723,6828
Russia,369719,10331
Russia,101668,2215
Russia,123009,1742
Russia,105472,752
Russia,140423,4885
Russia,148550,2579
Russia,170179,3959
Russia,44085,341
Russia,153056,3630
Russia,175493,4378
Russia,138608,3231
Russia,189487,6416
Russia,168709,3428
Russia,339981,7695
Russia,127996,1013
Russia,139507,2502
Russia,149171,2181
Rwanda,129548,1458
Saint Kitts and Nevis,5533,42
Saint Lucia,22733,360
Saint Vincent and the Grenadines,8316,106
Samoa,33,0
San Marino,14487,112
Sao Tome and Principe,5939,72
Saudi Arabia,746836,9005
Senegal,85739,1961
Serbia,1921831,15375
Seychelles,39427,163
Sierra Leone,7665,125
Singapore,803389,1067
Slovakia,2178234,18631
Slovenia,900857,6341
Solomon Islands,7326,111
Somalia,26351,1348
South Africa,3681437,99517
South Sudan,16999,137
Spain,1350312,12852
Spain,398524,4866
Spain,195213,2501
Spain,255498,1218
Spain,1304243,9043
Spain,297195,1592
Spain,126294,765
Spain,473631,7094
Spain,655412,8281
Spain,2286486,18355
Spain,18927,145
Spain,236938,2239
Spain,534214,3109
Spain,89603,907
Spain,1604494,17450
Spain,20296,150
Spain,375894,2170
Spain,223910,1499
Spain,653344,6177
Spain,0,0
Sri Lanka,648993,16307
Sudan,61569,3912
Summer Olympics 2020,865,0
Suriname,78454,1317
Sweden,29019,153
Sweden,67499,427
Sweden,72243,623
Sweden,11229,60
Sweden,102826,403
Sweden,32099,147
Sweden,85009,641
Sweden,58641,306
Sweden,48191,367
Sweden,47448,350
Sweden,90054,421
Sweden,93021,751
Sweden,333695,2172
Sweden,61817,553
Sweden,563314,5092
Sweden,87650,635
Sweden,63013,280
Sweden,54429,258
Sweden,51871,551
Sweden,74143,440
Sweden,428755,2882
Switzerland,2890568,13173
Syria,54894,3089
Taiwan*,20717,853
Tajikistan,17786,125
Tanzania,33620,798
Thailand,3004814,23176
Timor-Leste,22741,129
Togo,36815,272
Tonga,715,0
Trinidad and Tobago,129321,3649
Tunisia,1001754,27874
Turkey,14293828,95205
US,15530,199
US,55079,650
US,5447,94
US,6381,99
US,14803,221
US,2281,49
US,5037,122
US,31887,590
US,8437,153
US,5090,79
US,10656,192
US,2033,35
US,7053,97
US,4078,78
US,3542,68
US,13312,224
US,16179,244
US,2839,66
US,2921,55
US,9246,220
US,3776,94
US,24427,354
US,12430,219
US,8330,231
US,18579,313
US,22898,330
US,9964,159
US,28693,607
US,4927,93
US,9815,135
US,6195,155
US,1856,48
US,4668,101
US,4445,70
US,24917,479
US,14938,229
US,182156,2234
US,3665,62
US,23953,372
US,7590,152
US,37544,317
US,24715,273
US,2601,73
US,3835,77
US,88436,897
US,5150,103
US,7996,147
US,27126,371
US,112704,1577
US,5256,78
US,54452,874
US,35874,482
US,0,0
US,2090,43
US,5167,97
US,7417,127
US,5047,74
US,10001,81
US,58902,423
US,24999,402
US,2561,46
US,22132,353
US,11312,223
US,54966,733
US,0,0
US,18484,419
US,3717,56
US,2864,42
US,7544,120
US,1034,3
US,1678,2
US,100891,510
US,8890,40
US,0,0
US,804,1
US,1865,9
US,947,8
US,390,1
US,1554,11
US,27150,130
US,593,1
US,7952,20
US,17173,101
US,3795,21
US,4858,11
US,3678,11
US,33938,232
US,5473,5
US,4289,11
US,4217,13
US,697,3
US,1376,8
US,2245,6
US,136,0
US,2002,17
US,892,1
US,0,0
US,457,1
US,484,5
US,1331,9
US,196,0
US,21912,582
US,31019,536
US,43086,454
US,16863,352
US,11890,168
US,2203,31
US,5129,132
US,1248818,15625
US,56913,1366
US,37678,850
US,0,0
US,250137,3623
US,128929,1524
US,16561,224
US,17,0
US,47443,1125
US,62171,1116
US,5644,75
US,5073,62
US,8546,235
US,65933,788
US,9318,165
US,2978,46
US,935,9
US,6014,97
US,2748,54
US,5204,76
US,4066,90
US,6384,121
US,2243,35
US,5296,89
US,5408,58
US,36730,315
US,15707,236
US,13824,211
US,4746,77
US,1729,29
US,3004,38
US,4640,64
US,34767,303
US,3766,70
US,2647,85
US,22595,478
US,4368,58
US,15698,166
US,4482,58
US,11017,125
US,3727,48
US,10531,199
US,3858,65
US,5963,54
US,18495,265
US,6647,70
US,1274,30
US,5128,72
US,2879,58
US,4896,65
US,3230,88
US,5051,71
US,19667,229
US,3869,59
US,3314,85
US,9386,161
US,13149,192
US,1914,31
US,1484,55
US,2152,44
US,1700,45
US,5390,95
US,2483,33
US,4740,94
US,2532,40
US,7861,120
US,4079,136
US,18284,194
US,1950,41
US,102029,1134
US,4903,80
US,30519,311
US,2268,39
US,2084,41
US,32439,498
US,5800,69
US,4580,100
US,7046,86
US,2881,60
US,26268,0
US,9078,164
US,3437,57
US,67515,591
US,21727,271
US,1708,26
US,6777,102
US,265590,1760
US,126,0
US,8998,83
US,39239,372
US,7590,116
US,4508,21
US,198614,1235
US,5912,48
US,29604,193
US,249081,2640
US,6464,43
US,19698,140
US,65587,880
US,4517,56
US,239635,2147
US,54504,431
US,11377,130
US,10672,65
US,2802123,30957
US,43075,361
US,35007,272
US,2971,26
US,15758,124
US,69997,789
US,979,7
US,3080,5
US,91051,704
US,26365,134
US,17089,122
US,582267,6658
US,0,0
US,69395,591
US,3052,13
US,614693,6239
US,300181,2971
US,13329,96
US,581401,6641
US,789812,5045
US,132120,798
US,174117,2069
US,55406,446
US,125568,730
US,90039,655
US,319886,2195
US,48507,254
US,36407,573
US,314,4
US,7108,74
US,86117,435
US,84380,476
US,135908,1676
US,22246,217
US,14521,158
US,1462,20
US,131541,1305
US,12889,178
US,5428,3
US,180858,1436
US,38965,306
US,16841,115
US,128957,1235
US,4413,60
US,147004,1132
US,2820,14
US,818,8
US,2479,47
US,60931,344
US,12947,111
US,4302,42
US,318,9
US,1499,11
US,1693,52
US,657,15
US,3121,28
US,627,18
US,5908,130
US,164919,1272
US,350,8
US,75490,398
US,15638,35
US,179309,1589
US,4664,37
US,14634,177
US,14204,89
US,927,4
US,3417,23
US,3275,14
US,121,0
US,1405,31
US,164,0
US,118419,1304
US,328,6
US,1571,30
US,12399,80
US,1774,2
US,74106,459
US,3427,39
US,2047,9
US,7125,106
US,41401,527
US,219,1
US,2936,51
US,5964,67
US,9072,158
US,5475,134
US,4194,125
US,837,6
US,0,0
US,2739,20
US,861,18
US,6226,6
US,2579,48
US,44212,769
US,1647,13
US,2732,46
US,6192,24
US,1144,12
US,184,0
US,2222,8
US,471,8
US,9560,14
US,4688,55
US,121,0
US,1034,26
US,80684,683
US,1846,23
US,198583,2649
US,174865,3036
US,31284,448
US,27460,472
US,190557,2748
US,53711,630
US,20158,263
US,2808,5
US,25407,292
US,49720,603
US,145585,1312
US,60840,798
US,920,0
US,49,0
US,134623,1319
US,67680,588
US,8647,132
US,46333,778
US,7462,138
US,133142,1973
US,599698,5546
US,4079,91
US,35555,709
US,29446,925
US,53429,770
US,84241,970
US,21153,346
US,9306,141
US,4018,53
US,252744,3154
US,81336,1242
US,22245,311
US,3107,50
US,13399,185
US,4501,75
US,1988,35
US,4289,70
US,3816,52
US,8631,118
US,11688,158
US,41834,1009
US,23986,632
US,373147,3383
US,5411,83
US,32286,627
US,14781,258
US,3944,44
US,2765,51
US,84706,1421
US,189844,2036
US,85491,606
US,10208,121
US,2495,27
US,5833,69
US,95522,1345
US,83081,2007
US,30332,588
US,1178827,10320
US,18279,115
US,22082,272
US,51370,656
US,10642,165
US,375092,2570
US,113325,1062
US,366129,4843
US,121544,1781
US,208909,3147
US,199330,2802
US,17521,405
US,48465,584
US,90235,1488
US,103020,1022
US,62653,518
US,73837,1137
US,21577,506
US,12934,276
US,6992,99
US,2962,1989
US,4300,111
US,116576,1786
US,9911,118
US,17337,204
US,6604,104
US,4731,118
US,2093,46
US,3513,73
US,532,14
US,9457,224
US,3855,84
US,21807,246
US,28718,432
US,4289,118
US,4903,78
US,36678,747
US,3307,91
US,4089,103
US,3400,82
US,8903,85
US,15336,249
US,5252,101
US,6438,149
US,1342,22
US,11015,113
US,2058,91
US,23589,427
US,14191,154
US,2957,62
US,61426,825
US,6803,21
US,6516,127
US,62702,589
US,29476,216
US,515,6
US,63145,908
US,2069,39
US,169438,1694
US,10759,259
US,11008,229
US,35416,365
US,4866,70
US,32741,465
US,1765,52
US,4636,131
US,3128,28
US,6828,97
US,144480,1609
US,6990,125
US,5173,146
US,2358,67
US,19345,477
US,34588,375
US,2707,60
US,927,11
US,12862,187
US,4525,105
US,5851,151
US,2310,63
US,5078,143
US,22053,304
US,26914,497
US,54261,364
US,5328,94
US,212450,2155
US,6834,165
US,605,25
US,22856,393
US,15644,254
US,5684,107
US,3887,80
US,205340,1789
US,9962,252
US,53053,800
US,1562,87
US,5383,160
US,6023,107
US,4813,88
US,2161,49
US,57307,649
US,39095,475
US,1871,45
US,21157,277
US,3110,68
US,3911,68
US,3625,107
US,1484,66
US,2240,70
US,4993,106
US,4814,111
US,2250,21
US,13681,287
US,7188,98
US,12110,143
US,1586,35
US,2733,33
US,30754,371
US,7088,127
US,2115,48
US,6916,97
US,1498,49
US,5007,93
US,2408,35
US,4437,138
US,1693,30
US,5147,112
US,5831,167
US,2014,49
US,4482,59
US,11377,178
US,37679,762
US,24356,424
US,8680,102
US,3188,50
US,79020,1376
US,37690,417
US,6098,120
US,8244,158
US,5593,124
US,5379,88
US,11738,185
US,2141,72
US,4444,100
US,408,4
US,3621,92
US,1469,47
US,49521,840
US,18233,309
US,1146,8
US,2597,67
US,2122,28
US,15710,394
US,6235,138
US,2391,32
US,6761,158
US,1154,31
US,264,3
US,5068,130
US,1962,51
US,3035,80
US,2026,60
US,11617,203
US,11468,211
US,6972,191
US,2358,103
US,1620,59
US,15350,367
US,2533,55
US,1527,67
US,10543,18
US,4809,147
US,7683,227
US,16316,225
US,21811,414
US,9814,270
US,1053,28
US,4343,132
US,7670,200
US,436,7
US,1401,38
US,6746,152
US,33694,410
US,1983,68
US,2228,47
US,2220,53
US,4597,109
US,103,3
US,45435,331
US,25915,182
US,164227,993
US,11493,29
US,29587,132
US,5761,12
US,0,0
US,130114,992
US,694,15
US,20710,239
US,905,15
US,1987,40
US,9725,150
US,5563,30
US,1058,13
US,8438,176
US,30777,279
US,2019,57
US,475,9
US,145,2
US,61325,674
US,1476,24
US,4826,52
US,108,0
US,2261,31
US,522,8
US,6837,69
US,2329,29
US,2147,26
US,3636,78
US,3088,54
US,2914,50
US,6029,62
US,5590,64
US,39100,579
US,6656,48
US,1248,25
US,1126,28
US,1026,15
US,12644,49
US,3945,61
US,8869,140
US,795,11
US,2261,52
US,5522,84
US,1463,20
US,2599,75
US,2684,8
US,21982,283
US,0,0
US,2506,16
US,2359,56
US,22191,201
US,1270,15
US,4293,29
US,13690,115
US,2392,15
US,8288,126
US,1515,5
US,4206,47
US,4579,35
US,61597,285
US,10086,110
US,4806,52
US,4731,67
US,11821,113
US,15145,166
US,1113552,14110
US,6157,43
US,3336,37
US,4295,37
US,23042,191
US,6431,53
US,206102,1681
US,5112,58
US,1745,27
US,10567,132
US,7052,96
US,4385,64
US,12231,164
US,9944,125
US,1393,16
US,3579,44
US,12532,133
US,2162,31
US,4357,45
US,1046,19
US,1145,17
US,12555,116
US,7104,111
US,15425,118
US,2668,26
US,10986,170
US,6169,68
US,3982,35
US,4416,40
US,124670,1104
US,28619,358
US,30547,156
US,12471,208
US,28634,377
US,147408,1338
US,5475,41
US,8706,77
US,10626,136
US,9379,84
US,30249,334
US,12653,137
US,69796,776
US,11806,206
US,2734,30
US,3874,59
US,3833,66
US,7129,86
US,75002,466
US,49099,287
US,3479,19
US,3971,47
US,9430,131
US,9724,100
US,9378,125
US,4043,44
US,13857,128
US,8,0
US,46037,508
US,7392,97
US,4352,22
US,4993,65
US,947,8
US,1715,18
US,1122,9
US,10389,121
US,5148,74
US,32864,466
US,7797,92
US,54302,381
US,1936,17
US,1244,11
US,6157,73
US,63171,718
US,1503,32
US,11405,153
US,36311,457
US,150,2433
US,5335,63
US,27824,287
US,3690,27
US,3977,81
US,3403,34
US,5258,81
US,4386,48
US,15221,222
US,159944,1498
US,22400,244
US,75869,800
US,10277,111
US,7244,111
US,103325,1127
US,21231,240
US,2464,21
US,3101,65
US,15057,167
US,2579,60
US,4202,57
US,11564,155
US,30864,366
US,6808,84
US,9161,113
US,2530,35
US,7449,147
US,11294,144
US,13378,125
US,6977,130
US,24639,410
US,12818,160
US,53909,686
US,6704,138
US,18794,276
US,5361,92
US,4358,54
US,4877,99
US,11591,136
US,17220,330
US,7160,130
US,81262,607
US,20564,245
US,10733,130
US,40579,519
US,12896,222
US,25294,421
US,11453,148
US,12469,120
US,8959,137
US,4826,70
US,9323,142
US,6923,95
US,42113,570
US,10695,144
US,19677,225
US,5833,100
US,25274,350
US,105505,1703
US,11796,249
US,32498,605
US,223410,2827
US,12277,182
US,2153,24
US,9217,150
US,27430,267
US,10611,158
US,16374,259
US,2543,66
US,13027,152
US,1441,19
US,5015,89
US,5799,110
US,3587,45
US,4626,62
US,3715,46
US,37177,529
US,6511,55
US,3050,83
US,9262,120
US,5871,139
US,8245,133
US,4822,57
US,7827,100
US,13539,164
US,5207,58
US,70234,825
US,4703,90
US,9597,115
US,5249,71
US,2302,19
US,49651,374
US,3499,80
US,0,892
US,2015,20
US,57040,593
US,4050,73
US,28754,396
US,8686,150
US,2070,26
US,20181,227
US,5970,77
US,18768,323
US,6479,127
US,6801,90
US,9623,80
US,1577,50
US,815,13
US,2843,59
US,2887,65
US,1099,19
US,5986,74
US,32500,457
US,5429,53
US,5452,79
US,4558,57
US,6419,56
US,3185,52
US,2584,22
US,4910,65
US,2943,75
US,4109,33
US,11018,159
US,2952,60
US,2663,31
US,2244,35
US,4076,41
US,3445,72
US,11470,143
US,4511,52
US,22856,135
US,1586,29
US,1506,24
US,3992,68
US,9058,129
US,4119,71
US,25773,292
US,2341,51
US,4061,71
US,3502,61
US,2499,40
US,1373,24
US,1711,21
US,2538,40
US,2337,44
US,3462,70
US,2822,46
US,4099,58
US,3412,93
US,5524,67
US,2029,31
US,2601,37
US,1797,47
US,3653,48
US,4591,68
US,8599,105
US,3455,50
US,33682,139
US,5419,71
US,2039,47
US,3761,86
US,7802,137
US,51552,560
US,2468,60
US,1737,31
US,2721,48
US,3130,38
US,4870,84
US,7497,119
US,9352,108
US,3328,42
US,2454,49
US,1714,47
US,1875,48
US,2193,52
US,9500,130
US,3401,71
US,1392,22
US,3323,45
US,2024,37
US,6303,97
US,1573,27
US,123641,1053
US,24100,305
US,3551,60
US,1126,33
US,2386,32
US,40802,375
US,2701,50
US,7973,85
US,19614,82
US,3834,87
US,1316,21
US,564,0
US,2707,49
US,1373,26
US,8919,190
US,12397,133
US,5610,76
US,1262,33
US,10280,154
US,2935,44
US,3782,46
US,28717,324
US,1748,14
US,3603,62
US,3945,46
US,2105,27
US,4254,33
US,1036,8
US,6476,86
US,4374,46
US,2676,47
US,18780,166
US,673,7
US,838,17
US,6132,84
US,659,14
US,493,7
US,1965,33
US,2211,36
US,2405,39
US,439,15
US,10057,147
US,11834,122
US,612,19
US,4784,73
US,2429,32
US,25174,131
US,560,13
US,569,8
US,7117,80
US,2012,31
US,11508,106
US,10582,108
US,6899,77
US,9182,73
US,785,23
US,565,13
US,2197,34
US,1230,23
US,333,3
US,1775,22
US,462,3
US,1647,25
US,9516,117
US,961,11
US,409,10
US,3870,27
US,4738,60
US,785,13
US,144341,1178
US,1232,20
US,1948,26
US,667,7
US,6591,72
US,295,11
US,19227,173
US,619,10
US,2809,25
US,840,12
US,9926,115
US,3311,39
US,2540,41
US,7752,124
US,1218,19
US,7692,87
US,1422,19
US,9387,141
US,1496,26
US,622,11
US,3227,60
US,5122,62
US,779,18
US,2142,37
US,3888,43
US,790,16
US,1189,16
US,0,0
US,2118,23
US,1355,29
US,5693,55
US,1924,30
US,677,9
US,18462,219
US,1345,14
US,2596,22
US,13400,79
US,1363,20
US,808,18
US,1870,36
US,14067,230
US,1276,34
US,144521,1251
US,6918,59
US,47883,565
US,786,18
US,1499,19
US,644,8
US,1133,26
US,430,8
US,1456,18
US,5616,66
US,2373,27
US,750,9
US,0,0
US,1631,22
US,436,5
US,1391,20
US,494,8
US,2795,40
US,793,12
US,46615,461
US,5549,99
US,6530,94
US,6225,65
US,1257,27
US,12759,207
US,2916,38
US,8774,132
US,36286,268
US,5914,51
US,16052,165
US,8324,122
US,2099,24
US,3560,50
US,4986,72
US,20927,195
US,3837,49
US,4013,58
US,7908,85
US,22384,153
US,969,19
US,3437,42
US,8457,97
US,3955,66
US,16048,196
US,9932,53
US,7746,82
US,3393,43
US,2145,45
US,2153,28
US,30831,359
US,2528,38
US,2249,16
US,4063,42
US,93315,555
US,3648,48
US,12296,159
US,13192,135
US,1151,24
US,2162,45
US,4733,71
US,6756,52
US,11322,160
US,8034,122
US,3526,38
US,11883,126
US,2446,21
US,32241,403
US,9085,184
US,6111,62
US,5341,94
US,13688,147
US,4735,46
US,818,23
US,14692,244
US,4203,71
US,220855,2091
US,14976,130
US,5913,97
US,40963,370
US,4045,57
US,11378,125
US,3709,68
US,18393,203
US,4475,59
US,2891,46
US,3638,39
US,6761,96
US,4445,79
US,6209,121
US,2328,58
US,8285,113
US,2819,33
US,27461,251
US,3813,41
US,6342,75
US,8347,97
US,3229,45
US,4558,97
US,17817,229
US,5145,74
US,2598,46
US,5743,64
US,1509,30
US,7271,99
US,2829,59
US,3603,74
US,6690,87
US,4659,18
US,10071,118
US,14286,140
US,1878,30
US,7254,95
US,18035,127
US,2350,32
US,1550,23
US,3415,34
US,10553,149
US,18403,258
US,4693,38
US,15991,254
US,623,21
US,4998,55
US,6417,55
US,6180,81
US,15825,94
US,13118,147
US,5592,87
US,5261,50
US,8844,113
US,2904,42
US,3658,41
US,2137,38
US,2562,0
US,4298,55
US,42590,339
US,3851,56
US,5175,87
US,3877,47
US,13908,168
US,2398,18
US,6721,45
US,14982,287
US,7359,129
US,33049,286
US,5237,69
US,10758,200
US,8760,140
US,3698,109
US,35220,469
US,63196,1105
US,51608,688
US,3052,52
US,1144,8
US,2557,55
US,3095,73
US,4789,89
US,6924,134
US,105064,1313
US,2317,35
US,6683,164
US,7929,153
US,6751,172
US,5518,87
US,18089,257
US,8510,148
US,4065,72
US,107971,1309
US,6583,150
US,3968,53
US,59150,485
US,26136,360
US,11436,137
US,35091,456
US,3027,58
US,6481,132
US,9512,160
US,82909,1100
US,47177,713
US,0,0
US,6096,44
US,5855,89
US,30821,557
US,1985,52
US,6127,94
US,5975,109
US,10672,107
US,13132,142
US,1827,23
US,5453,75
US,9997,183
US,21007,402
US,12225,181
US,11896,256
US,67995,829
US,32833,585
US,935,11
US,29185,407
US,926,0
US,6379,129
US,14395,219
US,9448,186
US,12174,244
US,10451,175
US,6867,83
US,3333,61
US,2702,43
US,4134,61
US,22157,255
US,11970,143
US,47326,339
US,5569,56
US,7083,77
US,22136,220
US,5724,29
US,5012,30
US,0,0
US,10911,138
US,26648,311
US,2902,29
US,4892,28
US,9304,100
US,42,0
US,5867,53
US,4128,50
US,38602,251
US,17009,349
US,88376,1043
US,130716,2423
US,110593,1736
US,11025,141
US,6006,80
US,21084,390
US,15268,254
US,27616,342
US,7662,106
US,45158,507
US,5641,114
US,37796,568
US,43098,367
US,3024,66
US,165445,1999
US,169032,2113
US,7019,108
US,5143,70
US,18725,208
US,5516,83
US,0,59
US,34859,571
US,19502,320
US,8595,154
US,34446,676
US,22623,404
US,148343,2470
US,6741,15
US,202654,3146
US,10307,170
US,131443,2063
US,26897,410
US,318306,4693
US,129030,2228
US,114333,1986
US,206935,2295
US,134121,8
US,189588,3013
US,1712,68
US,1698,13
US,26875,332
US,5548,133
US,4267,61
US,3183,63
US,2020,53
US,14199,159
US,26875,564
US,3395,64
US,34411,529
US,11225,173
US,33756,556
US,11039,137
US,4872,58
US,4552,100
US,8386,96
US,6689,153
US,20938,201
US,2540,29
US,9888,153
US,7356,106
US,26474,387
US,6320,82
US,324,5
US,100291,1673
US,5548,110
US,3241,68
US,16987,219
US,10589,177
US,10265,194
US,7702,89
US,7989,144
US,63236,734
US,16358,169
US,4769,135
US,2636,85
US,15450,199
US,39084,528
US,58435,655
US,3491,55
US,165176,1480
US,504,13
US,1826,35
US,20135,407
US,3538,50
US,24264,309
US,45376,435
US,1419,9
US,2368,28
US,225432,3841
US,3658,82
US,14842,121
US,6648,86
US,8594,105
US,5546,69
US,38126,175
US,18922,219
US,2886,58
US,37608,457
US,14924,199
US,1698,47
US,39278,616
US,11393,153
US,282733,3720
US,6254,89
US,4293,99
US,971,36
US,4949,77
US,1425,54
US,5561,95
US,74134,773
US,5645,39
US,2057,55
US,4579,110
US,48979,914
US,8626,184
US,1745,15
US,17655,224
US,40098,805
US,13592,199
US,13159,271
US,18,0
US,16870,262
US,73203,505
US,393515,7709
US,6992,103
US,2919,60
US,97536,778
US,8646,89
US,11362,122
US,13793,168
US,1368,8
US,17500,96
US,6478,77
US,8788,95
US,26268,113
US,6796,79
US,3044,47
US,14403,117
US,19521,120
US,2117,30
US,542,4
US,3183,41
US,15769,164
US,108421,756
US,5593,21
US,10779,115
US,3724,50
US,4671,24
US,8929,72
US,12841,126
US,1442,12
US,294395,2513
US,4463,18
US,4872,56
US,10017,116
US,10894,141
US,2131,17
US,3458,54
US,13232,135
US,1022,26
US,2671,35
US,1724,28
US,2025,28
US,754,6
US,6400,49
US,1203,6
US,7016,72
US,1699,17
US,2044,23
US,5520,61
US,10412,106
US,5800,74
US,7143,110
US,8987,101
US,11737,69
US,2012,15
US,7861,66
US,6896,59
US,1470,13
US,39897,170
US,13334,162
US,3498,40
US,6937,66
US,1977,34
US,8521,101
US,2928,17
US,122308,1308
US,927,13
US,3857,53
US,3631,56
US,17514,171
US,2312,33
US,4384,44
US,39685,250
US,27057,176
US,3453,23
US,46034,519
US,50086,360
US,10234,58
US,2600,13
US,2267,33
US,6647,55
US,827,10
US,6019,190
US,5494,16
US,4118,52
US,5413,39
US,65913,469
US,2925,23
US,1623,22
US,12423,71
US,36178,300
US,2499,28
US,7104,141
US,9883,149
US,3214,67
US,5240,111
US,2264,49
US,9219,177
US,4632,70
US,2555,50
US,5575,95
US,2199,33
US,2134,46
US,4205,106
US,4934,97
US,6430,120
US,7098,114
US,7053,109
US,49887,539
US,21900,306
US,1922,38
US,7118,86
US,3178,56
US,5491,126
US,12146,150
US,53265,647
US,51938,769
US,4436,104
US,2007,44
US,261,9
US,7357,143
US,36743,444
US,4813,73
US,1470,37
US,2842,50
US,21101,287
US,2163,47
US,15109,176
US,17310,160
US,18712,359
US,3563,55
US,6373,115
US,26552,293
US,7291,167
US,8255,156
US,17459,233
US,23880,319
US,6939,134
US,9875,172
US,10949,215
US,2946,74
US,10560,235
US,5979,96
US,2714,48
US,11056,158
US,10364,167
US,14973,268
US,3033,63
US,9483,183
US,10276,139
US,8167,103
US,1559,31
US,36343,476
US,6478,118
US,950,25
US,6935,145
US,4088,67
US,5383,70
US,5737,120
US,3176,60
US,7271,139
US,7294,106
US,6103,122
US,2509,45
US,0,0
US,9447,118
US,3574,78
US,10180,199
US,10226,195
US,5945,84
US,3374,68
US,1792,46
US,5197,103
US,4052,56
US,8000,103
US,5470,61
US,4689,54
US,1379,19
US,5674,107
US,6588,124
US,2801,49
US,3729,88
US,4126,91
US,2513,36
US,43120,241
US,22433,296
US,9917,154
US,1673,35
US,11934,119
US,9224,171
US,18526,233
US,2219,42
US,1489,21
US,24570,297
US,2902,48
US,1687,34
US,20738,245
US,1576,32
US,26885,348
US,4709,114
US,20014,270
US,4130,74
US,5361,97
US,1416,40
US,3779,70
US,1667,26
US,2135,45
US,3233,74
US,2539,77
US,7118,110
US,22549,322
US,3310,94
US,2130,30
US,69533,967
US,2405,65
US,1800,30
US,5716,78
US,1819,54
US,1044,27
US,2153,25
US,8832,199
US,2169,36
US,96728,1159
US,34454,508
US,53700,601
US,12025,139
US,111373,1204
US,955,12
US,8070,168
US,7681,123
US,7712,153
US,2710,34
US,15076,130
US,2514,62
US,3710,88
US,3599,50
US,3557,50
US,1587,33
US,7928,114
US,5230,66
US,691,12
US,6059,114
US,3299,56
US,3798,55
US,2157,40
US,2456,54
US,3990,101
US,5005,82
US,11658,192
US,5984,43
US,2013,32
US,3194,40
US,1690,55
US,2960,73
US,4871,44
US,11843,154
US,9987,231
US,4215,57
US,10237,100
US,7998,103
US,8778,112
US,988,22
US,2427,24
US,5981,100
US,5125,89
US,1146,24
US,2671,60
US,6246,99
US,722,25
US,682,18
US,11022,152
US,1588,35
US,1501,15
US,93335,886
US,2094,32
US,18867,272
US,218240,3210
US,55733,742
US,3642,39
US,6069,121
US,5739,114
US,1701,20
US,13209,215
US,4636,93
US,0,0
US,5028,102
US,8079,99
US,5916,131
US,2361,47
US,8973,139
US,399,3
US,3811,77
US,2116,28
US,4941,92
US,2049,31
US,1256,18
US,2025,28
US,247,5
US,24954,314
US,974,14
US,3032,46
US,386,9
US,2325,54
US,2499,29
US,676,10
US,2489,54
US,28975,266
US,33941,115
US,223,3
US,3918,68
US,150,5
US,528,8
US,4527,72
US,2581,23
US,219,1
US,6544,98
US,17450,172
US,393,4
US,4664,81
US,1802,20
US,386,9
US,408,10
US,1081,17
US,27044,201
US,911,26
US,4149,34
US,35,1
US,1053,28
US,1155,6
US,331,10
US,1860,28
US,262,3
US,6980,141
US,2559,31
US,3246,71
US,2626,59
US,2129,46
US,687,11
US,8426,129
US,1520,29
US,769,11
US,1268,20
US,1238,23
US,135,1
US,0,0
US,1691,36
US,382,14
US,204,8
US,42611,533
US,6408,46
US,1068,7
US,32,1
US,89,0
US,67,0
US,1088,4
US,2318,8
US,404,3
US,505,2
US,11948,57
US,1324,12
US,1892,11
US,6111,16
US,1501,11
US,739,5
US,545,7
US,2015,16
US,1503,11
US,2715,21
US,1803,15
US,2022,19
US,6904,65
US,1357,12
US,5251,31
US,321,1
US,1176,9
US,10045,62
US,148387,718
US,350,4
US,1125,8
US,419,4
US,543,1
US,1122,5
US,3566,19
US,366,1
US,398,1
US,369,5
US,107,4
US,409,1
US,16464,117
US,2247,17
US,374,0
US,104,0
US,532,5
US,2132,16
US,113,2
US,1181,10
US,1213,1
US,867,9
US,1179,5
US,1529,10
US,118,0
US,766,1
US,1677,12
US,77609,170
US,8657,60
US,148,0
US,87,0
US,9648,44
US,74,1
US,1699,15
US,1234,7
US,796,10
US,1481,15
US,962,11
US,3327,10
US,410,1
US,530,11
US,2318,10
US,1272,20
US,8615,50
US,1224,9
US,2321,15
US,1804,19
US,171,2
US,3795,2
US,49466,131
US,4987,16
US,9379,48
US,3363,32
US,995,10
US,583,4
US,65,0
US,743,11
US,1108,4
US,94,1
US,1773,11
US,4842,1783
US,743,2
US,4541,25
US,1796,7
US,707,7
US,127,0
US,3892,11
US,14463,204
US,6453,106
US,512110,7552
US,7945,88
US,12333,135
US,90,3
US,308,0
US,4498,53
US,1188,20
US,956,7
US,10725,167
US,959,15
US,6949,233
US,1409,29
US,343,10
US,0,0
US,102671,1157
US,1946,19
US,13280,170
US,9056,55
US,14260,104
US,6785,110
US,16903,61
US,95829,880
US,31635,218
US,65718,506
US,28410,201
US,9041,68
US,220,4
US,67862,982
US,219036,3405
US,100910,1177
US,124333,1768
US,21678,290
US,38990,579
US,209470,3572
US,69107,940
US,168413,2704
US,24161,269
US,74741,1247
US,189467,2846
US,161644,2150
US,116516,1514
US,160044,2885
US,142644,2317
US,14202,245
US,66493,960
US,33476,464
US,3262,0
US,142743,2348
US,23579,337
US,145179,1656
US,409,13
US,21279,297
US,6829,178
US,2396,64
US,12492,177
US,568,5
US,62348,710
US,16950,261
US,6548,77
US,1094,17
US,78,4
US,1076,13
US,19125,314
US,5150,64
US,2671,13
US,6667,117
US,25553,569
US,752,16
US,13250,179
US,1973,49
US,9660,123
US,4964,92
US,40313,723
US,5703,50
US,33049,384
US,27790,248
US,2013,70
US,3776,85
US,5254,89
US,2651,51
US,6634,0
US,776,14
US,18341,250
US,58018,502
US,8806,149
US,404565,7696
US,44408,508
US,15203,215
US,15653,144
US,23354,288
US,20994,227
US,9152,117
US,16337,82
US,9892,140
US,10306,114
US,7566,68
US,63256,649
US,205953,2586
US,5468,57
US,9091,44
US,12283,166
US,13535,184
US,8453,121
US,834,5
US,13549,188
US,19623,130
US,686511,12721
US,6095,47
US,11478,113
US,12717,125
US,149417,1543
US,11672,199
US,398668,3806
US,403049,5407
US,47261,563
US,52230,777
US,107408,1030
US,19509,171
US,108762,1104
US,8531,112
US,25050,180
US,9663,88
US,0,454
US,23320,121
US,634874,11767
US,30875,244
US,164229,2284
US,91221,890
US,45175,318
US,32374,296
US,4909,34
US,3384,24
US,5754,89
US,20535,178
US,19547,239
US,422911,4342
US,18194,127
US,10508,82
US,17472,82
US,30874,359
US,453,1
US,13293,122
US,11860,113
US,16903,168
US,246820,2690
US,8227,82
US,3305,39
US,46298,447
US,10354,133
US,2924,12
US,6491,96
US,6311,72
US,4393,42
US,12116,159
US,4205,65
US,9266,118
US,29389,304
US,50981,538
US,24641,299
US,54980,460
US,21960,292
US,1704,9
US,13943,85
US,5186,43
US,47264,554
US,12504,107
US,7067,113
US,4104,54
US,2607,39
US,29442,362
US,15818,265
US,23796,191
US,81906,556
US,4844,32
US,7291,22
US,42694,389
US,11045,90
US,16671,231
US,69253,298
US,13372,141
US,91426,768
US,20047,65
US,64673,779
US,1846,19
US,2257,30
US,14105,111
US,5741,56
US,114953,1108
US,13852,176
US,32039,314
US,12795,193
US,24635,287
US,4670,81
US,14451,102
US,1300,13
US,47915,435
US,9198,85
US,58286,426
US,2191,38
US,15795,137
US,15595,201
US,24093,156
US,7375,106
US,5012,79
US,6028,89
US,13421,162
US,275352,1551
US,3257,34
US,7229,126
US,23976,312
US,26893,288
US,49222,377
US,4294,80
US,51163,364
US,25547,122
US,2580,27
US,8204,111
US,15187,118
US,2712,17
US,9132,104
US,52129,152
US,3812,52
US,35178,397
US,12503,184
US,40166,518
US,21718,260
US,40848,561
US,17300,391
US,18440,164
US,9879,126
US,19325,249
US,11071,166
US,20869,324
US,3427,35
US,6066,68
US,970,8
US,0,0
US,61182,473
US,11763,112
US,286542,1030
US,4263,39
US,2996,49
US,12201,53
US,27662,377
US,17529,253
US,21366,299
US,10687,107
US,4855,51
US,594,10
US,2956,46
US,1958,22
US,142,1
US,1576,25
US,829,9
US,430,3
US,34721,300
US,58605,330
US,813,7
US,1480,39
US,454,4
US,1032,8
US,758,6
US,727,18
US,977,22
US,474,4
US,21987,124
US,450,11
US,567,2
US,820,7
US,501,13
US,981,19
US,433,12
US,1292,30
US,678,9
US,3240,25
US,2724,49
US,2545,24
US,11149,142
US,3212,36
US,756,18
US,326,5
US,1956,16
US,1057,32
US,3610,55
US,1486,28
US,546,15
US,4018,23
US,5885,41
US,1030,9
US,291,7
US,1332,19
US,63,0
US,11590,85
US,383,2
US,7006,96
US,634,12
US,2180,25
US,0,0
US,3323,34
US,20625,248
US,1007,11
US,10420,68
US,9999,30
US,6906,138
US,27342,468
US,11902,210
US,19620,408
US,14341,130
US,11537,179
US,15555,284
US,11144,169
US,90636,1106
US,5244,122
US,8677,142
US,34849,547
US,51006,524
US,10272,160
US,24275,475
US,7915,151
US,11122,205
US,266755,3656
US,12335,228
US,10160,161
US,43910,263
US,19329,262
US,38240,414
US,7757,113
US,286603,2488
US,10282,174
US,7401,116
US,15925,261
US,37284,497
US,10390,147
US,186082,1981
US,17029,268
US,7043,149
US,3205,72
US,6407,106
US,10579,173
US,6551,115
US,5088,180
US,14397,219
US,8842,135
US,14607,303
US,13075,223
US,48614,719
US,17702,222
US,41414,463
US,10167,166
US,66223,951
US,98982,1357
US,9615,126
US,53111,1053
US,19763,262
US,39823,494
US,4567,80
US,9654,131
US,25641,469
US,3439,77
US,126208,1930
US,3253,54
US,7711,99
US,25154,287
US,3188,54
US,8395,133
US,4584,73
US,8223,122
US,17416,220
US,7417,109
US,33895,437
US,9416,192
US,8424,152
US,31305,495
US,19127,292
US,13836,230
US,20462,244
US,12679,221
US,11014,184
US,79461,1666
US,111697,1657
US,41258,908
US,20491,484
US,0,5
US,15500,97
US,6694,140
US,2887,55
US,57293,558
US,12286,196
US,23029,429
US,8968,158
US,31273,344
US,5398,101
US,7808,69
US,1704,14
US,3825,45
US,949,10
US,5885,100
US,2405,38
US,13483,127
US,8185,155
US,38719,365
US,13800,220
US,14459,139
US,4048,57
US,562,6
US,78440,765
US,1646,20
US,31417,364
US,1410,24
US,4676,51
US,18045,312
US,7747,160
US,10982,192
US,1058,28
US,766,7
US,15068,263
US,6978,132
US,13625,231
US,1027,14
US,1279,30
US,515,11
US,702,12
US,2767,37
US,2543,58
US,6533,97
US,1281,23
US,2998,51
US,12082,207
US,4108,62
US,1943,50
US,2269,32
US,12345,104
US,7772,127
US,10670,152
US,3028,36
US,2433,39
US,4527,39
US,10196,153
US,11531,125
US,7995,159
US,4879,118
US,4151,68
US,19823,319
US,3004,36
US,2767,36
US,3505,56
US,194092,2272
US,9635,173
US,10823,158
US,9074,121
US,0,0
US,4070,82
US,18116,149
US,10726,195
US,11857,125
US,20462,263
US,2626,42
US,864,15
US,25193,363
US,6061,125
US,10559,100
US,10851,189
US,5957,53
US,1504,30
US,168447,2028
US,3018,1558
US,21487,256
US,12590,239
US,2613,46
US,2340,36
US,5143,72
US,3194,46
US,14865,62
US,59292,530
US,4527,39
US,7459,75
US,10492,143
US,5995,76
US,3291,44
US,45373,244
US,19493,372
US,281,5
US,1572,18
US,1589,37
US,3491,42
US,42196,486
US,7159,84
US,16083,314
US,13982,196
US,1384,24
US,56436,471
US,6931,73
US,26106,234
US,8176,101
US,68389,660
US,2942,31
US,111223,1062
US,15117,127
US,313,4
US,3596,57
US,22243,201
US,0,0
US,5002,74
US,1235,14
US,5064,55
US,84400,511
US,243,3
US,17583,194
US,24597,354
US,261220,3222
US,15146,333
US,39843,712
US,10896,271
US,101675,1573
US,29443,597
US,14848,193
US,121987,1845
US,44103,704
US,34325,704
US,813,19
US,15760,283
US,34820,343
US,90674,1120
US,8172,198
US,19098,329
US,8987,124
US,14918,240
US,19661,309
US,50534,865
US,58767,936
US,108944,1827
US,7078,96
US,56572,739
US,30731,644
US,2231,35
US,40113,670
US,4089,64
US,8349,98
US,11426,240
US,17239,344
US,8882,222
US,4742,174
US,42926,732
US,120229,1849
US,18774,407
US,36353,505
US,88861,1227
US,72943,1314
US,28244,506
US,8089,137
US,23193,488
US,12203,274
US,36674,510
US,150000,2276
US,4480,91
US,78888,1069
US,22672,521
US,8775,180
US,305124,4998
US,9902,92
US,3129,91
US,34185,658
US,8042,152
US,18616,396
US,1045,36
US,7638,105
US,7883,189
US,0,0
US,11600,151
US,11181,232
US,7239,207
US,50406,637
US,10004,166
US,79142,1342
US,5035,100
US,117935,1460
US,2070,0
US,5745,0
US,6562,0
US,3696,0
US,3320,0
US,3264,0
US,11651,0
US,1652,0
US,2962,0
US,4197,0
US,30686,0
US,4558,0
US,19776,0
US,4361,0
US,5856,0
US,25404,0
US,3709,0
US,5291,0
US,1210,0
US,2316,0
US,5217,0
US,4071,0
US,2574,0
US,5484,0
US,157,0
US,5893,0
US,4015,0
US,2081,0
US,1311,0
US,4257,0
US,1798,0
US,13835,0
US,6684,0
US,4775,0
US,1661,0
US,6997,0
US,6196,0
US,1858,0
US,5426,0
US,5672,0
US,2257,0
US,3276,0
US,989,0
US,4787,0
US,2950,0
US,2267,0
US,5344,0
US,501,0
US,1227,0
US,8825,0
US,5340,0
US,4188,0
US,3095,0
US,4441,0
US,2601,0
US,434,0
US,1811,0
US,2095,0
US,16337,0
US,3473,0
US,1991,0
US,6816,0
US,2056,0
US,2902,0
US,3212,0
US,54805,0
US,4936,0
US,5378,0
US,2266,0
US,10807,0
US,11443,0
US,8965,0
US,15453,4130
US,3029,0
US,5525,0
US,9595,0
US,624,0
US,2796,0
US,3932,0
US,3674,0
US,0,0
US,13104,166
US,47311,491
US,19411,80
US,216688,2449
US,28955,13
US,31314,218
US,6614,67
US,41079,428
US,2071,24
US,57558,941
US,3394,73
US,5783,95
US,42803,367
US,51469,426
US,2763,58
US,111053,893
US,14482,305
US,10075,139
US,11720,183
US,8676,154
US,8821,215
US,18848,297
US,9678,140
US,55668,473
US,6696,66
US,5959,103
US,41594,614
US,15757,217
US,171418,1890
US,22436,286
US,5001,81
US,95837,1101
US,5875,92
US,21340,246
US,24929,272
US,18528,284
US,4228,91
US,95228,837
US,8508,159
US,7830,103
US,2214,38
US,13214,179
US,24063,323
US,23223,398
US,45646,594
US,121736,895
US,3916,72
US,94076,1485
US,27683,370
US,0,0
US,7619,144
US,8510,141
US,77227,602
US,766,17
US,4561,56
US,781,13
US,2289,38
US,8069,51
US,10218,117
US,1407,19
US,619,17
US,2728,44
US,265,7
US,2917,33
US,784,8
US,3478,21
US,8363,98
US,1059,17
US,2016,23
US,5845,77
US,1267,35
US,1034,12
US,3130,40
US,682,16
US,936,16
US,1799,39
US,560,16
US,2029,50
US,1063,34
US,450,12
US,1495,41
US,561,11
US,651,6
US,200,3
US,4287,58
US,1724,36
US,305,7
US,626,21
US,412,20
US,177,2
US,1306,21
US,2316,27
US,6542,82
US,15450,98
US,1203,12
US,779,13
US,1339,31
US,426,9
US,6970,59
US,524,7
US,453,13
US,56844,503
US,1374,27
US,3891,60
US,32516,332
US,680,18
US,696,7
US,2415,49
US,572,6
US,1406,35
US,632,6
US,245,3
US,2952,49
US,1378,24
US,1957,62
US,0,0
US,3995,51
US,1305,25
US,5891,56
US,666,11
US,21877,309
US,14871,220
US,4439,90
US,4636,53
US,38827,396
US,32944,383
US,11917,150
US,4152,56
US,8871,147
US,16302,311
US,10856,116
US,5723,91
US,8958,168
US,2216,46
US,11288,201
US,16852,239
US,5098,82
US,16001,309
US,189330,1586
US,6246,96
US,3671,63
US,15798,234
US,12642,191
US,11361,168
US,5668,115
US,12770,165
US,17187,250
US,9374,172
US,6735,103
US,21883,351
US,3960,69
US,19588,345
US,98468,1077
US,1985,31
US,7463,115
US,8629,136
US,16480,286
US,6107,97
US,8944,145
US,8160,147
US,6789,103
US,2663,59
US,4817,68
US,3189,59
US,15585,254
US,5096,85
US,126406,1278
US,2705,40
US,7692,98
US,14209,184
US,3565,50
US,9923,154
US,14319,185
US,8380,139
US,29429,403
US,8786,123
US,10312,116
US,28772,315
US,16604,236
US,7559,113
US,3345,54
US,14400,217
US,49805,547
US,2225,37
US,6102,77
US,10724,179
US,48597,253
US,7124,118
US,2315,48
US,1761,30
US,4670,65
US,24976,291
US,9920,148
US,15681,221
US,21427,288
US,95130,861
US,8917,109
US,4183,66
US,30075,389
US,234127,3151
US,6149,74
US,3268,52
US,45327,660
US,52831,687
US,17535,219
US,4200,45
US,41755,404
US,5116,90
US,5373,69
US,1840,46
US,12936,167
US,38226,465
US,5644,57
US,9440,134
US,8182,126
US,61546,383
US,41368,463
US,9491,230
US,3788,71
US,15241,471
US,4052,78
US,2092,28
US,502,8
US,13293,229
US,5569,71
US,1380,38
US,3527,74
US,21598,227
US,809,32
US,8159,149
US,66121,867
US,545690,5950
US,2506,33
US,94,2
US,4017,70
US,19628,411
US,92744,972
US,59711,404
US,1052,27
US,444,8
US,1604,51
US,10755,222
US,4984,65
US,10712,162
US,14061,172
US,5665,46
US,2766,72
US,98830,1985
US,2799,73
US,1486,34
US,7030,189
US,2259,46
US,10270,69
US,7920,247
US,2583,29
US,2040,32
US,862,23
US,830,19
US,1612,69
US,204123,1448
US,687,16
US,3714,61
US,32225,535
US,3129,77
US,1070,11
US,7174,130
US,17099,205
US,279,9
US,1266,24
US,984,19
US,1827,45
US,508,14
US,2122,40
US,565678,6523
US,2758,93
US,6420,96
US,4476,109
US,1795,24
US,176700,1304
US,422,16
US,5711,51
US,1065,24
US,3304,68
US,2764,110
US,36940,683
US,465,11
US,203510,3653
US,48369,571
US,8597,121
US,3730,63
US,6759,178
US,4730,99
US,604,24
US,1901,47
US,198,11
US,177233,1191
US,2112,40
US,3834,82
US,5610,90
US,1880,83
US,94716,831
US,1230,27
US,5289,107
US,197,3
US,1183,32
US,4676,95
US,6086,122
US,27011,618
US,23040,655
US,8418,118
US,36820,388
US,6499,238
US,1067,22
US,1957,32
US,1901,29
US,553,19
US,11994,245
US,993728,10709
US,13011,222
US,1332,3
US,890,39
US,59631,491
US,1174,7
US,15309,414
US,194436,3822
US,8796,191
US,7568,157
US,13282,265
US,7142,176
US,3974,106
US,6688,178
US,972,16
US,15670,354
US,6604,133
US,438,3
US,1491,27
US,3223,59
US,6054,181
US,221,9
US,44388,809
US,2591,22
US,11069,202
US,41777,709
US,4494,90
US,5473,67
US,34903,520
US,8010,115
US,82,2
US,202,4
US,9495,177
US,672,15
US,41,0
US,733,10
US,7114,142
US,489,24
US,2317,45
US,9521,249
US,4271,122
US,5494,87
US,4171,115
US,4215,60
US,3682,89
US,17524,394
US,5062,122
US,644,16
US,2134,40
US,3850,95
US,165,1
US,93044,1297
US,1409,37
US,3686,53
US,1653,58
US,1164,26
US,779,12
US,8178,174
US,20658,455
US,1256,46
US,56523,889
US,168,9
US,9976,193
US,511,12
US,37295,485
US,4901,99
US,1460,33
US,1860,47
US,4625,122
US,135546,1264
US,5428,110
US,2486,69
US,270,12
US,12005,255
US,12342,217
US,1357,59
US,3047,95
US,97718,1460
US,2185,48
US,544,6
US,14904,341
US,7002,151
US,4498,127
US,33948,434
US,2272,52
US,2647,69
US,7779,244
US,35248,685
US,964,35
US,1824,57
US,27207,475
US,854,14
US,805,24
US,2246,64
US,4587,71
US,1752,32
US,171,2
US,4507,75
US,25964,257
US,2272,63
US,10644,223
US,1229,87
US,1046,41
US,5341,100
US,10983,334
US,1235,33
US,520,9
US,4958,101
US,659,12
US,4356,126
US,491,16
US,45204,938
US,2101,35
US,19585,360
US,1802,45
US,245,5
US,352,7
US,838,12
US,1915,33
US,559128,5682
US,30219,704
US,117,3
US,2441,84
US,266,8
US,8407,126
US,40838,456
US,219148,1678
US,2443,72
US,3367,83
US,74002,23
US,7612,177
US,827,18
US,10529,138
US,14242,290
US,10191,269
US,18402,402
US,18293,209
US,9339,100
US,2801,43
US,8980,144
US,92295,1009
US,8751,206
US,1156,20
US,29152,650
US,3435,86
US,6843,125
US,131380,860
US,10685,155
US,1835,34
US,16754,259
US,7966,277
US,1070,41
US,3881,89
US,3645,52
US,4023,67
US,51319,226
US,20597,157
US,99748,379
US,339700,1555
US,3953,47
US,9968,73
US,63196,597
US,13357,22
US,21245,93
US,12667,97
US,3569,7
US,200862,750
US,10641,33
US,73426,417
US,5161,15
US,9328,65
US,5401,24
US,29958,158
US,1212,3
US,9267,66
US,993,5
US,3721,17
US,4764,14
US,6025,37
US,12176,71
US,937,2
US,9308,46
US,6487,34
US,8369,50
US,15426,109
US,6902,103
US,15658,144
US,29662,183
US,3555,94
US,2577,58
US,6991,83
US,3672,50
US,40260,318
US,18767,200
US,879,19
US,16509,219
US,1745,20
US,7255,93
US,4356,71
US,3039,42
US,4736,103
US,3777,52
US,1985,39
US,11377,192
US,6757,78
US,6560,135
US,1140,27
US,2372,43
US,10025,71
US,49397,465
US,70805,728
US,2592,40
US,4773,91
US,997,24
US,1108,15
US,11522,143
US,1219,23
US,10885,257
US,3290,45
US,5209,83
US,1136,53
US,2243,31
US,173225,1382
US,1950,43
US,1924,16
US,12819,137
US,2527,45
US,4908,42
US,10634,183
US,2457,50
US,20341,228
US,5324,34
US,2538,75
US,4004,44
US,7237,100
US,3866,43
US,3975,77
US,3964,60
US,3300,38
US,6923,148
US,27362,310
US,21407,260
US,13166,151
US,63389,870
US,11249,242
US,358,7
US,6099,119
US,7231,106
US,14678,111
US,4964,36
US,3657,34
US,1112,11
US,1774,30
US,6170,86
US,2816,39
US,65804,364
US,6427,73
US,2292,30
US,19804,263
US,2110,36
US,9003,70
US,3676,25
US,3172,112
US,1415,28
US,5951,107
US,1791,46
US,18311,143
US,2678,32
US,4564,32
US,35889,378
US,41232,457
US,2131,61
US,2147,43
US,1290,22
US,3962,84
US,6865,85
US,5519,116
US,3538,87
US,8302,135
US,13495,178
US,2315,28
US,20613,308
US,4841,53
US,4644,64
US,8125,62
US,93697,710
US,7153,126
US,4868,46
US,896,9
US,2615,25
US,43768,467
US,21161,271
US,20560,330
US,3207,75
US,14367,222
US,6769,99
US,5638,98
US,5695,101
US,10702,219
US,8642,161
US,3263,85
US,26386,276
US,29778,163
US,5543,104
US,18531,286
US,1075,18
US,2405,39
US,9972,157
US,0,0
US,88545,780
US,8404,145
US,13605,207
US,5275,60
US,3216,48
US,1708,20
US,6238,76
US,10081,182
US,7391,131
US,9651,105
US,4891,38
US,4390,64
US,51592,457
US,19863,155
US,11044,127
US,84903,759
US,603,15
US,22070,339
US,10953,65
US,1383,28
US,31998,208
US,383,7
US,25401,209
US,15984,193
US,9795,70
US,2870,28
US,367268,2553
US,38604,321
US,8056,58
US,3432,43
US,17231,231
US,2182,27
US,12069,129
US,8293,117
US,3339,54
US,2458,32
US,188320,1328
US,1147,2
US,21751,188
US,1464,11
US,147275,1066
US,120980,1320
US,7925,139
US,45829,381
US,3258,7
US,516,6
US,14970,137
US,36538,271
US,8609,90
US,70598,752
US,4737,74
US,35354,263
US,6523,74
US,3812,42
US,4921,103
US,27092,356
US,1801,13
US,2314,36
US,2130,18
US,12862,179
US,2075,18
US,3748,56
US,9320,146
US,5780,67
US,6638,139
US,4154,48
US,19616,243
US,6809,130
US,14084,131
US,46744,683
US,5249,78
US,5452,70
US,9504,172
US,14659,166
US,8735,150
US,6557,88
US,5483,63
US,16667,250
US,7793,153
US,7836,119
US,24228,192
US,4146,40
US,4204,67
US,7190,90
US,10955,156
US,1920,17
US,2050,34
US,1991,27
US,9108,127
US,16476,170
US,22348,314
US,9270,77
US,2394,30
US,3112,36
US,2758,49
US,4433,64
US,1950,33
US,2166,30
US,0,0
US,6713,83
US,9733,111
US,2177,28
US,4263,80
US,1427,23
US,21953,334
US,6862,100
US,4597,53
US,3240,35
US,13357,138
US,3215,38
US,83520,490
US,3413,12
US,3929,41
US,14408,114
US,18509,176
US,7595,117
US,15089,123
US,4200,28
US,122344,484
US,26902,310
US,6916,60
US,11408,73
US,13204,70
US,29840,178
US,1075,15
US,31550,241
US,2666,50
US,12564,143
US,8921,52
US,5045,60
US,5174,25
US,1458,47
US,5626,41
US,21288,227
US,7642,64
US,43678,614
US,5817,55
US,34220,165
US,3603,22
US,5174,79
US,6977,138
US,20301,180
US,39002,475
US,11505,113
US,3776,55
US,1889,13
US,266680,2124
US,11828,82
US,11337,107
US,8429,131
US,53953,368
US,21942,163
US,1942,18
US,11406,72
US,12189,119
US,17815,152
US,3238,30
US,55909,660
US,3790,44
US,42290,357
US,3397,54
US,15793,115
US,4493,59
US,11596,140
US,32270,291
US,24279,142
US,4795,68
US,8328,60
US,0,0
US,5926,90
US,5184,87
US,26518,275
US,3947,45
US,37757,307
US,111205,1012
US,13540,246
US,6349,84
US,51139,360
US,20680,213
US,9827,47
US,2567,60
US,12049,141
US,4593,51
US,3127,53
US,1343,26
US,13685,181
US,3590,56
US,1147,15
US,1842,19
US,25965,278
US,3954,29
US,22158,263
US,650,9
US,6721,136
US,1894,39
US,8027,74
US,1919,27
US,11016,123
US,9819,16
US,5627,37
US,0,0
US,2344,43
US,1562,18
Uganda,163383,3590
Ukraine,163768,2973
Ukraine,126202,2751
Ukraine,150465,3290
Ukraine,157596,4866
Ukraine,303551,9454
Ukraine,216052,5607
Ukraine,181629,3476
Ukraine,305661,6858
Ukraine,107686,2881
Ukraine,201270,3703
Ukraine,445098,8966
Ukraine,226220,5019
Ukraine,45117,1741
Ukraine,80033,2392
Ukraine,303357,6569
Ukraine,146174,3530
Ukraine,325462,5917
Ukraine,179994,4181
Ukraine,171031,2530
Ukraine,73298,2088
Ukraine,182268,3208
Ukraine,146363,2391
Ukraine,149845,3546
Ukraine,132045,2394
Ukraine,112462,2724
Ukraine,215070,5866
Ukraine,192801,3538
United Arab Emirates,881919,2301
United Kingdom,2555,9
United Kingdom,11634,123
United Kingdom,6091,62
United Kingdom,19373,17
United Kingdom,0,0
United Kingdom,16182092,140922
United Kingdom,115,0
United Kingdom,15609,101
United Kingdom,14434,31
United Kingdom,23328,80
United Kingdom,38480,113
United Kingdom,164,2
United Kingdom,633071,3223
United Kingdom,4,0
United Kingdom,1485872,10848
United Kingdom,5867,36
United Kingdom,0,0
United Kingdom,818146,7015
Uruguay,851241,7031
Uzbekistan,236771,1637
Vanuatu,18,1
Venezuela,516236,5645
Vietnam,4059262,40644
West Bank and Gaza,649971,5557
Winter Olympics 2022,530,0
Yemen,11774,2135
Zambia,313613,3958
Zimbabwe,238739,5397
